City,State,Lat,Lon,Date,CPI_Annual_Change_Pct
Sydney,NSW,-33.8688,151.2093,2025-07,2.9
Sydney,NSW,-33.8688,151.2093,2026-07,3.2
Melbourne,VIC,-37.8136,144.9631,2025-07,2.3
Melbourne,VIC,-37.8136,144.9631,2026-07,3.2
Brisbane,QLD,-27.4698,153.0251,2025-07,4.8
Brisbane,QLD,-27.4698,153.0251,2026-07,3.7
Adelaide,SA,-34.9285,138.6007,2025-07,1.7
Adelaide,SA,-34.9285,138.6007,2026-07,4.4
Perth,WA,-31.9505,115.8605,2025-07,3.5
Perth,WA,-31.9505,115.8605,2026-07,3.8
Horbart,TAS,-42.8821,147.3272,2025-07,3.7
Horbart,TAS,-42.8821,147.3272,2026-07,4.5
Darwin,NT,-12.4634,130.8456,2025-07,2.2
Darwin,NT,-12.4634,130.8456,2026-07,3.7
Canberra,ACT,-35.2809,149.13,2025-07,2.5
Canberra,ACT,-35.2809,149.13,2026-07,3.2
