Year,Categories,Display Name,Inflation_Rate,Rank
2021,Food and non-alcoholic beverages,Food & non-alcoholic ,0.5,4
2021,Alcohol and tobacco,Alcohol & tobacco,0.4,6
2021,Clothing and footwear,Clothing & footwear,0.5,5
2021,Housing,Housing,0.4,7
2021,"Furnishings, household equipment and services",Furnishings & equipment,1.1,3
2021,Health,Health,1.5,2
2021,Transport,Transport,2.9,1
2021,Communication,Communication,-0.6,11
2021,Recreation and culture,Recreation & culture,0,9
2021,Education,Education ,0,10
2021,Insurance and financial services,Insurance & financial,0.4,8
2022,Food and non-alcoholic beverages,Food & non-alcoholic ,2.1,5
2022,Alcohol and tobacco,Alcohol & tobacco,0.8,8
2022,Clothing and footwear,Clothing & footwear,3.6,1
2022,Housing,Housing,2.5,2
2022,"Furnishings, household equipment and services",Furnishings & equipment,2.4,3
2022,Health,Health,0.4,9
2022,Transport,Transport,2.3,4
2022,Communication,Communication,0.1,10
2022,Recreation and culture,Recreation & culture,1.4,6
2022,Education,Education ,0,11
2022,Insurance and financial services,Insurance & financial,1,7
2023,Food and non-alcoholic beverages,Food & non-alcoholic ,1.6,3
2023,Alcohol and tobacco,Alcohol & tobacco,1,4
2023,Clothing and footwear,Clothing & footwear,0.6,6
2023,Housing,Housing,0.9,5
2023,"Furnishings, household equipment and services",Furnishings & equipment,2.1,2
2023,Health,Health,-0.1,7
2023,Transport,Transport,-0.1,8
2023,Communication,Communication,-0.5,11
2023,Recreation and culture,Recreation & culture,-0.3,10
2023,Education,Education ,-0.2,9
2023,Insurance and financial services,Insurance & financial,3,1
2024,Food and non-alcoholic beverages,Food & non-alcoholic ,1.2,5
2024,Alcohol and tobacco,Alcohol & tobacco,1.5,2
2024,Clothing and footwear,Clothing & footwear,3.1,1
2024,Housing,Housing,1.2,6
2024,"Furnishings, household equipment and services",Furnishings & equipment,0.9,7
2024,Health,Health,1.5,3
2024,Transport,Transport,0.9,8
2024,Communication,Communication,-0.7,11
2024,Recreation and culture,Recreation & culture,0.5,9
2024,Education,Education ,0.2,10
2024,Insurance and financial services,Insurance & financial,1.3,4
2025,Food and non-alcoholic beverages,Food & non-alcoholic ,1,5
2025,Alcohol and tobacco,Alcohol & tobacco,0.6,6
2025,Clothing and footwear,Clothing & footwear,2.7,1
2025,Housing,Housing,1.2,3
2025,"Furnishings, household equipment and services",Furnishings & equipment,1.1,4
2025,Health,Health,1.5,2
2025,Transport,Transport,-0.7,11
2025,Communication,Communication,0.2,9
2025,Recreation and culture,Recreation & culture,0.4,8
2025,Education,Education ,0,10
2025,Insurance and financial services,Insurance & financial,0.5,7
2026,Food and non-alcoholic beverages,Food & non-alcoholic ,0.6,6
2026,Alcohol and tobacco,Alcohol & tobacco,0.5,8
2026,Clothing and footwear,Clothing & footwear,1.1,3
2026,Housing,Housing,0.9,4
2026,"Furnishings, household equipment and services",Furnishings & equipment,0.1,9
2026,Health,Health,2.2,1
2026,Transport,Transport,-0.7,11
2026,Communication,Communication,0.6,7
2026,Recreation and culture,Recreation & culture,-0.4,10
2026,Education,Education ,1.5,2
2026,Insurance and financial services,Insurance & financial,0.9,5
