Industry,Short_Name,Year,WPI_Growth
Mining,Mining,2021,1.4
Mining,Mining,2022,2.2
Mining,Mining,2023,4.1
Mining,Mining,2024,4
Mining,Mining,2025,3.4
Mining,Mining,2026,3.5
Manufacturing,Manufacturing,2021,1.8
Manufacturing,Manufacturing,2022,3
Manufacturing,Manufacturing,2023,4.1
Manufacturing,Manufacturing,2024,3.9
Manufacturing,Manufacturing,2025,3.5
Manufacturing,Manufacturing,2026,3.2
"Electricity, gas, water and waste services",Utilities,2021,1.6
"Electricity, gas, water and waste services",Utilities,2022,2.1
"Electricity, gas, water and waste services",Utilities,2023,3.9
"Electricity, gas, water and waste services",Utilities,2024,3.7
"Electricity, gas, water and waste services",Utilities,2025,4
"Electricity, gas, water and waste services",Utilities,2026,4.3
Construction,Construction,2021,2.2
Construction,Construction,2022,3.3
Construction,Construction,2023,3.9
Construction,Construction,2024,3.8
Construction,Construction,2025,3.3
Construction,Construction,2026,3.2
Wholesale Trade,Wholesale,2021,1.6
Wholesale Trade,Wholesale,2022,2.9
Wholesale Trade,Wholesale,2023,4.2
Wholesale Trade,Wholesale,2024,3.5
Wholesale Trade,Wholesale,2025,3.3
Wholesale Trade,Wholesale,2026,3.2
Retail Trade,Retail,2021,1.6
Retail Trade,Retail,2022,2.4
Retail Trade,Retail,2023,3.9
Retail Trade,Retail,2024,4.2
Retail Trade,Retail,2025,2.9
Retail Trade,Retail,2026,2.9
Accommodation & Food Services,Hospitality,2021,1.7
Accommodation & Food Services,Hospitality,2022,2.4
Accommodation & Food Services,Hospitality,2023,3.6
Accommodation & Food Services,Hospitality,2024,4.2
Accommodation & Food Services,Hospitality,2025,3.3
Accommodation & Food Services,Hospitality,2026,2.7
"Transport, Postal & Warehousing",Transport & Logistics,2021,1.6
"Transport, Postal & Warehousing",Transport & Logistics,2022,2.6
"Transport, Postal & Warehousing",Transport & Logistics,2023,3.2
"Transport, Postal & Warehousing",Transport & Logistics,2024,3.9
"Transport, Postal & Warehousing",Transport & Logistics,2025,3.5
"Transport, Postal & Warehousing",Transport & Logistics,2026,3.2
Information Media & Telecommunications,Media & Telecoms,2021,1.3
Information Media & Telecommunications,Media & Telecoms,2022,2.5
Information Media & Telecommunications,Media & Telecoms,2023,3.3
Information Media & Telecommunications,Media & Telecoms,2024,3.3
Information Media & Telecommunications,Media & Telecoms,2025,4
Information Media & Telecommunications,Media & Telecoms,2026,3.5
Financial & Insurance Services,Finance & Insurance,2021,1.7
Financial & Insurance Services,Finance & Insurance,2022,2.7
Financial & Insurance Services,Finance & Insurance,2023,3.6
Financial & Insurance Services,Finance & Insurance,2024,3.5
Financial & Insurance Services,Finance & Insurance,2025,2.6
Financial & Insurance Services,Finance & Insurance,2026,2.6
"Rental, Hiring & Real Estate Services",Rental & Real Estate,2021,1
"Rental, Hiring & Real Estate Services",Rental & Real Estate,2022,3.1
"Rental, Hiring & Real Estate Services",Rental & Real Estate,2023,3.7
"Rental, Hiring & Real Estate Services",Rental & Real Estate,2024,3.6
"Rental, Hiring & Real Estate Services",Rental & Real Estate,2025,3.3
"Rental, Hiring & Real Estate Services",Rental & Real Estate,2026,3.2
"Professional, Scientific & Technical Services",Professional Services,2021,2.6
"Professional, Scientific & Technical Services",Professional Services,2022,3
"Professional, Scientific & Technical Services",Professional Services,2023,3.9
"Professional, Scientific & Technical Services",Professional Services,2024,3.7
"Professional, Scientific & Technical Services",Professional Services,2025,2.9
"Professional, Scientific & Technical Services",Professional Services,2026,2.5
Private Administrative & Support Services,Private Admin & Support,2021,1
Private Administrative & Support Services,Private Admin & Support,2022,2.6
Private Administrative & Support Services,Private Admin & Support,2023,4
Private Administrative & Support Services,Private Admin & Support,2024,4
Private Administrative & Support Services,Private Admin & Support,2025,3.3
Private Administrative & Support Services,Private Admin & Support,2026,2.6
Public Administration & Safety,Public Admin & Safety,2021,2
Public Administration & Safety,Public Admin & Safety,2022,2.6
Public Administration & Safety,Public Admin & Safety,2023,3.9
Public Administration & Safety,Public Admin & Safety,2024,5
Public Administration & Safety,Public Admin & Safety,2025,3.3
Public Administration & Safety,Public Admin & Safety,2026,3.1
Education & Training,Education & Training,2021,2.9
Education & Training,Education & Training,2022,2.2
Education & Training,Education & Training,2023,3.1
Education & Training,Education & Training,2024,4.4
Education & Training,Education & Training,2025,3.4
Education & Training,Education & Training,2026,2.9
Health Care & Social Assistance,Healthcare & Social,2021,2.3
Health Care & Social Assistance,Healthcare & Social,2022,2.2
Health Care & Social Assistance,Healthcare & Social,2023,3.6
Health Care & Social Assistance,Healthcare & Social,2024,6.2
Health Care & Social Assistance,Healthcare & Social,2025,4.5
Health Care & Social Assistance,Healthcare & Social,2026,4.1
Arts & Recreation Services,Arts & Recreation,2021,1
Arts & Recreation Services,Arts & Recreation,2022,2.9
Arts & Recreation Services,Arts & Recreation,2023,4.7
Arts & Recreation Services,Arts & Recreation,2024,3.2
Arts & Recreation Services,Arts & Recreation,2025,2.8
Arts & Recreation Services,Arts & Recreation,2026,3.1
Other Services,Other Services,2021,2.6
Other Services,Other Services,2022,2.4
Other Services,Other Services,2023,4.3
Other Services,Other Services,2024,3.1
Other Services,Other Services,2025,3.2
Other Services,Other Services,2026,3.4
