State ,State_Name,Year,WPI,CPI,Real_Wage_Gap
NSW,New South Wales,2021,1.5,4.1,-2.6
NSW,New South Wales,2023,3.3,6.6,-3.3
NSW,New South Wales,2026,3.3,4.1,-0.8
VIC,Victoria,2021,1.5,3,-1.5
VIC,Victoria,2023,3.4,5.7,-2.3
VIC,Victoria,2026,3.2,3.5,-0.3
QLD,Queensland,2021,1.6,5,-3.4
QLD,Queensland,2023,3.6,6.3,-2.7
QLD,Queensland,2026,3.3,4.1,-0.8
SA,South Australia,2021,1.6,2.8,-1.2
SA,South Australia,2023,3.5,6.9,-3.4
SA,South Australia,2026,3.4,4.4,-1
WA,Western Australia,2021,1.4,4.2,-2.8
WA,Western Australia,2023,3.8,4.9,-1.1
WA,Western Australia,2026,3.8,4,-0.2
TAS,Tasmania,2021,1.9,3.7,-1.8
TAS,Tasmania,2023,3.8,5.5,-1.7
TAS,Tasmania,2026,3.1,4.7,-1.6
NT,Northern Territory,2021,1.8,6.1,-4.3
NT,Northern Territory,2023,2.9,5.3,-2.4
NT,Northern Territory,2026,2.6,3.8,-1.2
ACT,Australian Capital Territory,2021,1.4,4.8,-3.4
ACT,Australian Capital Territory,2023,3.3,5.6,-2.3
ACT,Australian Capital Territory,2026,3.6,4,-0.4
